"Phone Flashlight: Wavelength (nm)","Phone Flashlight: Intensity (rel)","Fluorescent: Wavelength (nm)","Fluorescent: Intensity (rel)","Helium: Wavelength (nm)","Helium: Intensity (rel)","Incandescent Bulb: Wavelength (nm)","Incandescent Bulb: Intensity (rel)"
380.2,0.0251506828412,380.2,0.0230876630808,380.2,0.0185211464612,380.2,0.0219891406628
381,0.0261942303943,381,0.0232572077685,381,0.0181104244551,381,0.0217733950476
381.8,0.0269130998703,381.8,0.0233402846655,381.8,0.018374914168,381.8,0.0225787323144
382.7,0.0273030526521,382.7,0.0237531259802,382.7,0.0184571433416,382.7,0.0222269270873
383.5,0.0270055017251,383.5,0.0241201902291,383.5,0.0185147885354,383.5,0.0224566601392
384.3,0.0265307765994,384.3,0.0245177725219,384.3,0.0182664055678,384.3,0.0221260479981
385.2,0.0272504937989,385.2,0.0244770817968,385.2,0.0187606283326,385.2,0.0219938031417
386,0.0273522206115,386,0.0248772072599,386,0.0191853377754,386,0.0215563778473
386.8,0.0272047167332,386.8,0.0255892949484,386.8,0.0196108949416,386.8,0.0210833481685
387.6,0.0272013258395,387.6,0.0261648991633,387.6,0.0195998745369,387.6,0.0206603341726
388.5,0.0273496774412,388.5,0.0267583055704,388.5,0.0193820096132,388.5,0.0206942431101
389.3,0.0280999126845,389.3,0.027171146885,389.3,0.0188699846562,389.3,0.0207671473259
390.1,0.0283754228021,390.1,0.027725558014,390.1,0.0185478497495,390.1,0.0209748395683
391,0.0284025499521,391,0.0277001263108,391,0.0188267507608,391,0.0209273670558
391.8,0.0284000067818,391.8,0.028983579597,391.8,0.0187869077592,391.8,0.0212808677297
392.6,0.0283432093114,392.6,0.0299270957843,392.6,0.0185978654324,392.6,0.0213037562626
393.5,0.0289425497826,393.5,0.0310715224265,393.5,0.0192616328849,393.5,0.0213232539016
394.3,0.0298385934573,394.3,0.0308239871824,394.3,0.0192056831379,394.3,0.0210324847622
395.1,0.0303557047549,395.1,0.0310935632359,395.1,0.0192472215864,395.1,0.0203873672253
395.9,0.0305600061036,395.9,0.0317437671134,395.9,0.0183215075914,395.9,0.0205891254037
396.8,0.0309058772666,396.8,0.0327288217492,396.8,0.018533438451,396.8,0.0214249807143
397.6,0.0311610420217,397.6,0.0331653993201,397.6,0.0189284775735,397.6,0.022079423209
398.4,0.0316993464052,398.4,0.033437518544,398.4,0.0194091367632,398.4,0.021843756093
399.3,0.0323919364547,399.3,0.0340088841416,399.3,0.0198033281622,399.3,0.021436001119
400.1,0.0333168027263,400.1,0.0343462780702,400.1,0.0199432025296,400.1,0.0213775082017
400.9,0.0350520926053,400.9,0.0348667802616,400.9,0.0198770801014,400.9,0.0214343056721
401.8,0.0356565194171,401.8,0.034660783466,401.8,0.0193099531209,401.8,0.0207451065165
402.6,0.0377105533091,402.6,0.0347998101099,402.6,0.0190471588549,402.6,0.0205730186584
403.4,0.0391126878767,403.4,0.0350091977993,403.4,0.0181400947755,403.4,0.0207315429414
404.2,0.0413735662877,404.2,0.036755508083,404.2,0.0181231403067,404.2,0.0213775082017
405.1,0.0432877258123,405.1,0.0383653348931,405.1,0.017524647559,405.1,0.0219158125853
405.9,0.0453960140044,405.9,0.039646245009,405.9,0.0174492001729,405.9,0.022031102973
406.7,0.0476501106279,406.7,0.0402701694599,406.7,0.0168049303595,406.7,0.0216072412536
407.6,0.0499881318719,407.6,0.0413323669286,407.6,0.0167600010173,407.6,0.0214385442893
408.4,0.0523549757127,408.4,0.0429972957622,408.4,0.0170931563287,408.4,0.0218361265821
409.2,0.0555678475454,409.2,0.0437644854743,409.2,0.0170032976442,409.2,0.0223574764969
410.1,0.0586094792435,410.1,0.0458812509007,410.1,0.0161784627383,410.1,0.0223083085374
410.9,0.0622148470283,410.9,0.0467001517425,410.9,0.0153671914075,410.9,0.0218123903258
411.7,0.0661389588261,411.7,0.0493942168307,411.7,0.0154002526216,411.7,0.0222464247264
412.5,0.0706946245857,412.5,0.0519577325093,412.5,0.015996202199,412.5,0.0220862049965
413.4,0.075392707883,413.4,0.0553571034986,413.4,0.0162462806134,413.4,0.0220590778464
414.2,0.0801976043336,414.2,0.0589522986021,414.2,0.0163683527886,414.2,0.0212469587922
415,0.0846117002789,415,0.0629476191687,415,0.0155892949484,415,0.0215657028051
415.9,0.0904720124107,415.9,0.0688036926833,415.9,0.0155986199062,415.9,0.021594525402
416.7,0.0966917592805,416.7,0.0745300645118,416.7,0.0155613200749,416.7,0.0220489051652
417.5,0.103056466858,417.5,0.079083187101,417.5,0.0158359824691,417.5,0.0220531437824
418.4,0.109088019125,418.4,0.0826834685452,418.4,0.0158563278316,418.4,0.0224397056704
419.2,0.116568330748,419.2,0.0869627764638,419.2,0.0154121207497,419.2,0.0221218093809
420,0.125735612014,420,0.0952806388444,420,0.0159775522833,420,0.0223820604766
420.8,0.134608733247,420.8,0.108744182498,420.8,0.0160589337335,420.8,0.0222294702576
421.7,0.145004365776,421.7,0.12710332901,421.7,0.0165556996685,421.7,0.0223778218594
422.5,0.155575477056,422.5,0.145910921221,422.5,0.016376830023,422.5,0.0221913227029
423.3,0.169092427287,423.3,0.161526834685,423.3,0.0167371124844,423.3,0.0225041326518
424.2,0.18303663013,424.2,0.176057662148,424.2,0.0169346320456,424.2,0.0227779473225
425,0.196609530107,425,0.192684909675,425,0.0172627010164,425,0.0230144621619
425.8,0.206093859939,425.8,0.204357213703,425.8,0.0172016649288,425.8,0.022562625569
426.7,0.211683748294,426.7,0.214795232403,426.7,0.0169346320456,426.7,0.0221023117418
427.5,0.216277561608,427.5,0.216462704407,427.5,0.016736264761,427.5,0.0220472097183
428.3,0.221795393471,428.3,0.219223739647,428.3,0.0171041767334,428.3,0.0223795173063
429.1,0.228450022465,429.1,0.219536549596,429.1,0.0173644278291,429.1,0.0227669269178
430,0.235297932403,430,0.223041886015,430,0.0169685409832,430,0.022521934844
430.8,0.24267821266,430.8,0.224020158863,430.8,0.0171550401397,430.8,0.0220836618262
431.6,0.250219560371,431.6,0.227824741656,431.6,0.0170117748786,431.6,0.0217081203428
432.5,0.258865491722,432.5,0.236449479922,432.5,0.0178340666141,432.5,0.0217284657053
433.3,0.267384264558,433.3,0.244343480583,433.3,0.0174441138323,433.3,0.0226117935285
434.1,0.276838076346,434.1,0.250596288667,434.1,0.0179705500877,434.1,0.0225304120784
435,0.285160177344,435,0.24967989963,435,0.0183876300196,435,0.022666895552
435.8,0.29408331426,435.8,0.260901214788,435.8,0.0187224807779,435.8,0.0218183243899
436.6,0.302345226893,436.6,0.267031102973,436.6,0.0185190271526,436.6,0.0222523587905
437.4,0.310809745429,437.4,0.275184507006,437.4,0.0186139721777,437.4,0.0222303179811
438.3,0.318751218602,438.3,0.271446894365,438.3,0.0190463111315,438.3,0.0227660791943
439.1,0.324172409993,439.1,0.273100802794,439.1,0.0190658087705,439.1,0.0226813068505
439.9,0.329559692446,439.9,0.274006171427,439.9,0.0188275984843,439.9,0.0227245407458
440.8,0.334665530717,440.8,0.269248747489,440.8,0.0186283834762,440.8,0.0223888422641
441.6,0.340359689055,441.6,0.262349974144,441.6,0.0195837677916,441.6,0.0224422488407
442.4,0.34382942109,442.4,0.246646745166,442.4,0.0198779278248,442.4,0.0232882768326
443.3,0.345672371845,443.3,0.238799369294,443.3,0.0199126844858,443.3,0.0231967227012
444.1,0.345961445538,444.1,0.229745682968,444.1,0.0189683205751,444.1,0.0237002704238
444.9,0.344711053466,444.9,0.226751523783,444.9,0.0187216330544,444.9,0.0231043208464
445.7,0.342658715021,445.7,0.224316862067,445.7,0.0188547256343,445.7,0.023835906174
446.6,0.340430897824,446.6,0.222130583318,446.6,0.0192378966286,446.6,0.0236451684003
447.4,0.33726465078,447.4,0.220357993608,447.4,0.019377770996,447.4,0.0235061417563
448.2,0.333224400871,448.2,0.218322609632,448.2,0.0189411934251,448.2,0.0225727982503
449.1,0.327294575418,449.1,0.214885091088,449.1,0.0190115544705,449.1,0.0224100353501
449.9,0.321208768851,449.9,0.211664589744,449.9,0.0188996549766,449.9,0.0223566287734
450.7,0.313479226537,450.7,0.208847604757,450.7,0.0187589328857,450.7,0.0229144307961
451.6,0.305598789451,451.6,0.204326695659,451.6,0.0182731873554,451.6,0.0229356238821
452.4,0.297773454388,452.4,0.199736273238,452.4,0.0179273161924,452.4,0.0232925154498
453.2,0.28998118054,453.2,0.19465586667,453.2,0.0175983994981,453.2,0.0232857336623
454,0.281859989997,454,0.189063435145,454,0.0172279443554,454,0.0237265498504
454.9,0.274776412943,454.9,0.182148555055,454.9,0.0170583996677,454.9,0.0235315734595
455.7,0.266928189348,455.7,0.176261963497,455.7,0.0169303934284,455.7,0.0235943049939
456.5,0.259640310945,456.5,0.170576282394,456.5,0.0169948204098,456.5,0.0234976645219
457.4,0.251514034062,457.4,0.166380051372,457.4,0.0164471910684,457.4,0.0233052313013
458.2,0.244935700177,458.2,0.159821215127,458.2,0.0166769241203,458.2,0.023261997406
459,0.239508574723,459,0.154098234192,459,0.016597238117,459,0.0230865186542
459.9,0.234122987716,459.9,0.148678738248,459.9,0.0171465629053,459.9,0.0233298152811
460.7,0.229275705094,460.7,0.144336698795,460.7,0.0167744123157,460.7,0.0234230648593
461.5,0.224614921628,461.5,0.138903639277,461.5,0.0164209116418,461.5,0.0232874291091
462.3,0.221451217755,462.3,0.135552588524,462.3,0.0164539728559,462.3,0.0229322329883
463.2,0.218201893814,463.2,0.131541161212,463.2,0.0165862177123,463.2,0.022777099599
464,0.215228927715,464,0.12978552597,464,0.0163488551495,464,0.0228635673898
464.8,0.209929808499,464.8,0.125957206921,464.8,0.0163912413214,464.8,0.0233332061748
465.7,0.202780109017,465.7,0.124308384833,465.7,0.0158419165332,465.7,0.023718072616
466.5,0.193723031798,466.5,0.122645999169,466.5,0.0165158566669,466.5,0.0238401447912
467.3,0.185606927596,467.3,0.121916957012,467.3,0.0156240516094,467.3,0.0241478683994
468.2,0.178250383595,468.2,0.120979374889,468.2,0.016079279096,468.2,0.02436742877
469,0.17260624094,469,0.120792028009,469,0.0163369870214,469,0.024713299933
469.8,0.166610293058,469.8,0.122624806083,469.8,0.0171499537991,469.8,0.024195340912
470.6,0.160851707739,470.6,0.124297364428,470.6,0.0171338470537,470.6,0.0246192026313
471.5,0.155193153786,471.5,0.128329984826,471.5,0.0171550401397,471.5,0.0249506624959
472.3,0.150779905564,472.3,0.131621694938,472.3,0.0167396556547,472.3,0.0252668633385
473.1,0.147871366445,473.1,0.137532870476,473.1,0.0169075048956,473.1,0.0248353721082
474,0.144447411476,474,0.143204988005,474,0.0163853072574,474,0.023959673796
474.8,0.141752498665,474.8,0.152326492205,474.8,0.0168278188924,474.8,0.0242690928511
475.6,0.138169171689,475.6,0.162317760654,475.6,0.0167676305282,475.6,0.0243428447903
476.5,0.136304180124,476.5,0.174053643939,476.5,0.0167947576783,476.5,0.0254338648559
477.3,0.133373600197,477.3,0.185171536838,477.3,0.016473470495,477.3,0.0257983859346
478.1,0.131491654163,478.1,0.195528174088,478.1,0.0167193102922,478.1,0.0264816510262
478.9,0.128787416393,478.9,0.203408611175,478.9,0.0165200952841,478.9,0.0264969100481
479.8,0.12712248756,479.8,0.209569865127,479.8,0.0163361392979,479.8,0.0258356857659
480.6,0.12551774709,480.6,0.214457838475,480.6,0.0163446165323,480.6,0.0247836609784
481.4,0.124536931072,481.4,0.218938056848,481.4,0.0167481328891,481.4,0.024353865195
482.3,0.123712943889,482.3,0.222375575392,482.3,0.0171736900554,482.3,0.0242597678933
483.1,0.123607826183,483.1,0.222686689894,483.1,0.0172109898867,483.1,0.0248921695786
483.9,0.123194137145,483.9,0.21989259344,483.9,0.0170736586896,483.9,0.0247624678925
484.8,0.124023210668,484.8,0.214529047244,484.8,0.0174771750464,484.8,0.0251990454634
485.6,0.124592880819,485.6,0.207347134271,485.6,0.0176475674576,485.6,0.025536439392
486.4,0.125284623145,486.4,0.198202741538,486.4,0.0184071276587,486.4,0.0266215253936
487.2,0.126006035791,487.2,0.185606418962,487.2,0.0182765782491,487.2,0.0272759678882
488.1,0.127562456024,488.1,0.171308715445,488.1,0.0179620728534,488.1,0.0270369098785
488.9,0.129126505769,488.9,0.156520180056,488.9,0.0177781168672,488.9,0.0260510075193
489.7,0.131485720099,489.7,0.14305578868,489.7,0.0180383679628,489.7,0.0256271458
490.6,0.133382077431,490.6,0.130256012478,490.6,0.0184291684681,490.6,0.0260560938599
491.4,0.1371315582,491.4,0.118309046057,491.4,0.01887337555,491.4,0.0259535193239
492.2,0.140243550944,492.2,0.107099599027,492.2,0.0189496706594,492.2,0.0260247280927
493.1,0.143792121258,493.1,0.0977509049448,493.1,0.0192039876911,493.1,0.0252405839119
493.9,0.147787441825,493.9,0.0893737019235,493.9,0.0193811618897,493.9,0.0261145867772
494.7,0.152900909607,494.7,0.0824367810246,494.7,0.0197346625637,494.7,0.0252109135915
495.5,0.158292430677,495.5,0.0766027483194,495.5,0.0202043013487,495.5,0.0258119495096
496.4,0.162962539101,496.4,0.0723403948696,496.4,0.0204357298475,496.4,0.0253592651933
497.2,0.168839805702,497.2,0.0682111339996,497.2,0.0201059654298,497.2,0.0259831896442
498,0.175491043802,498,0.0655179166349,498,0.0195320566618,498,0.0256712274188
498.9,0.182370319507,498.9,0.0632494087129,498.9,0.0194405025305,498.9,0.0260442257318
499.7,0.189136847995,499.7,0.0620074938752,499.7,0.0194871273196,499.7,0.0263282130838
500.5,0.196090723362,500.5,0.0611707908412,500.5,0.0195252748743,500.5,0.0264689351746
501.4,0.202730093334,501.4,0.0610241346863,501.4,0.0188843959547,501.4,0.0263256699134
502.2,0.207174707323,502.2,0.0613555945508,502.2,0.0181918059052,502.2,0.0267291862703
503,0.209974737842,503,0.0631951544128,503,0.0173296711681,503,0.0266198299467
503.8,0.211888049643,503.8,0.0648617786933,503.8,0.0170940040521,503.8,0.0263010859337
504.7,0.214022617261,504.7,0.0666869272569,504.7,0.0170134703254,504.7,0.0260993277553
505.5,0.21575790714,505.5,0.0677677746412,505.5,0.0170227952833,505.5,0.0267978518688
506.3,0.218332443224,506.3,0.0688087790239,506.3,0.0168447733611,506.3,0.0275124827276
507.2,0.219983808482,507.2,0.0703558742996,507.2,0.0163429210854,507.2,0.0277371294389
508,0.222613446589,508,0.0720453871129,508,0.0161589650992,508,0.0273531107212
508.8,0.224957401897,508.8,0.0733678356773,508.8,0.0154400956232,508.8,0.0273370039758
509.7,0.228444088401,509.7,0.0742545543942,509.7,0.0152086671244,509.7,0.027652357095
510.5,0.231526410824,510.5,0.0742562498411,510.5,0.0156723718454,510.5,0.0281194527097
511.3,0.234394259217,511.3,0.0746004255572,511.3,0.0161131880335,511.3,0.0280092486627
512.2,0.236979815705,512.2,0.0748411790138,512.2,0.0167973008486,512.2,0.0282321999271
513,0.240524147402,513,0.0748784788451,513,0.0165811313717,513,0.0286865796902
513.8,0.244003204395,513.8,0.0742698134161,513.8,0.0165980858405,513.8,0.0291918228597
514.6,0.247717928503,514.6,0.0734941464697,514.6,0.0162598441884,514.6,0.0296105982384
515.4,0.250234819393,515.4,0.0728219017828,515.4,0.016079279096,515.4,0.0300700643422
516.2,0.253080626976,516.2,0.0720801437739,516.2,0.0160546951163,516.2,0.0304057628239
517,0.255800971491,517,0.0716418707561,517,0.0165362020294,517,0.0308932038012
517.8,0.258896857489,517.8,0.0707678678908,517.8,0.0170100794317,517.8,0.0313611471394
518.7,0.261473936743,518.7,0.0695717301188,518.7,0.0171677559913,518.7,0.0318824970542
519.5,0.263872994074,519.5,0.0681814636793,519.5,0.016162355993,519.5,0.0315976619788
520.3,0.266476352755,520.3,0.0677703178115,520.3,0.0162327170384,520.3,0.0314247263973
521.1,0.268783008231,521.1,0.0673201766656,521.1,0.0159580546443,521.1,0.0322037842374
521.9,0.270418266745,521.9,0.0673201766656,521.9,0.0170550087739,521.9,0.0326547731068
522.7,0.272881751058,522.7,0.0662096589609,522.7,0.0163124030416,522.7,0.0331100005934
523.5,0.27453905038,523.5,0.0667360952163,523.5,0.0169202207472,523.5,0.0329167196494
524.3,0.276307401473,524.3,0.0660943685732,524.3,0.0163395301917,524.3,0.0334050083501
525.2,0.276233649534,525.2,0.0661782931936,525.2,0.0166099539686,525.2,0.0336635639989
526,0.277181404339,526,0.0658205539025,526,0.0161191220976,526,0.0336898434255
526.8,0.277331451387,526.8,0.0673023744734,526.8,0.0163581801073,526.8,0.0335397963768
527.6,0.278174088485,527.6,0.0692029704229,527.6,0.0163259666167,527.6,0.0337771589397
528.4,0.278198672465,528.4,0.0720877732848,528.4,0.0164607546434,528.4,0.0341933911481
529.2,0.278135940931,529.2,0.0771698752999,529.2,0.016411586684,529.2,0.0343358086858
530,0.276862660326,530,0.0856132007494,530,0.0166523401406,530,0.0343764994108
530.8,0.275910666904,530.8,0.0965505285556,530.8,0.0167091376109,530.8,0.0344078651781
531.7,0.275350321711,531.7,0.113424463603,531.7,0.0168125598705,531.7,0.0346816798488
532.5,0.274543288997,532.5,0.144251078728,532.5,0.0167566101235,532.5,0.0345392623111
533.3,0.272896162356,533.3,0.18663894611,533.3,0.0164861863466,533.3,0.0343230928342
534.1,0.271619490857,534.1,0.23871714012,534.1,0.0165819790951,534.1,0.0346036892924
534.9,0.271656790689,534.9,0.305223587057,534.9,0.0167074421641,534.9,0.0351326687182
535.7,0.272264608394,535.7,0.391191220976,535.7,0.0170778973068,535.7,0.0354912557327
536.5,0.271196476861,536.5,0.496334359079,536.5,0.0166989649297,536.5,0.0353454473013
537.3,0.270870103337,537.3,0.620851368649,537.3,0.0167947576783,537.3,0.0351716639963
538.2,0.271121877199,538.2,0.750742944822,538.2,0.0168693573409,538.2,0.0350004238617
539,0.272156099794,539,0.854365267075,539,0.0171508015225,539,0.0351496231869
539.8,0.271672049711,539.8,0.90664182837,539.8,0.0167930622314,539.8,0.0353301882794
540.6,0.272183226944,540.6,0.932795791901,540.6,0.017358493765,540.6,0.0362304705713
541.4,0.273729474496,541.4,0.951444012105,541.4,0.0171524969694,541.4,0.0368145520205
542.2,0.275519866399,542.2,0.971589311903,542.2,0.0173491688072,542.2,0.0372299365055
543,0.276192958809,543,0.927777269144,543,0.0162081330587,543,0.037429999237
543.8,0.277104261506,543.8,0.815403897832,543.8,0.0171448674584,543.8,0.0381268279037
544.7,0.279870383086,544.7,0.646132177039,544.7,0.0173593414884,544.7,0.0391635936692
545.5,0.281663318159,545.5,0.494723684545,545.5,0.0177984622297,545.5,0.0403258225037
546.3,0.283796190331,546.3,0.387190814069,546.3,0.0170702677958,546.3,0.0409285538686
547.1,0.284929596568,547.1,0.318310741504,547.1,0.0176891059061,547.1,0.0419331061435
547.9,0.286637759297,547.9,0.26713876385,547.9,0.0175500792621,547.9,0.0416533574087
548.7,0.288453582903,548.7,0.223721760213,548.7,0.0177272534608,548.7,0.042803718115
549.5,0.290012546307,549.5,0.185375838187,549.5,0.0176128107966,549.5,0.0436005781474
550.4,0.292818510889,550.4,0.150575095581,550.4,0.0180595610488,550.4,0.0448594474539
551.2,0.295304036011,551.2,0.119212719242,551.2,0.0184130617227,551.2,0.0448051931538
552,0.298606766528,552,0.0934656629621,552,0.018146876563,552,0.0456630892738
552.8,0.300270847639,552.8,0.0749462967202,552.8,0.0182681010147,552.8,0.0473373430652
553.6,0.302843688275,553.6,0.063234149691,553.6,0.0179900477268,553.6,0.0494439358104
554.4,0.305258004629,554.4,0.0555461458254,554.4,0.0175526224325,554.4,0.0512029619457
555.2,0.309359290625,555.2,0.0504767596619,555.2,0.01758653137,555.2,0.0526347668337
556,0.311913481346,556,0.0476741859736,556,0.017572967795,556,0.054476869866
556.9,0.314950874427,556.9,0.0449097598399,556.9,0.0177484465468,556.9,0.0567284233192
557.7,0.317794986564,557.7,0.0433338419674,557.7,0.0178586505938,557.7,0.0582534777854
558.5,0.322355738664,558.5,0.0411755380925,558.5,0.0179357934268,558.5,0.0607110280342
559.3,0.325901765808,559.3,0.0403473122928,559.3,0.0180816018582,559.3,0.0625370243212
560.1,0.329488483677,560.1,0.038844298636,560.1,0.0181968922459,560.1,0.0655227062723
560.9,0.333702516891,560.9,0.0378923052143,560.9,0.0187377397998,560.9,0.0681014809728
561.7,0.338719344201,561.7,0.0370649271382,561.7,0.019093783644,561.7,0.0707641802938
562.5,0.343944711477,562.5,0.0370844247773,562.5,0.0189539092766,562.5,0.0736015106432
563.4,0.347047379263,563.4,0.03656985665,563.4,0.0190836109628,563.4,0.0756903011961
564.2,0.349777048736,564.2,0.0361883811025,564.2,0.0187708010139,564.2,0.0789192797742
565,0.353807973687,565,0.0355475021829,565,0.0184546001712,565,0.0818905504268
565.8,0.358536575028,565.8,0.0353067487263,565.8,0.0183147258039,565.8,0.0851975195612
566.6,0.363079524936,566.6,0.0352321490637,566.6,0.0190268134924,566.6,0.088105210956
567.4,0.364873307732,567.4,0.0355517408001,567.4,0.019267566949,567.4,0.0914689775608
568.2,0.366560277375,568.2,0.03656985665,568.2,0.0189708637454,568.2,0.0954609072336
569,0.368458330154,569,0.0373489144901,569,0.0189598433407,569,0.0990374524215
569.9,0.372849537567,569.9,0.038492493409,569.9,0.0194650865102,569.9,0.102238456126
570.7,0.374632299958,570.7,0.0400099183642,570.7,0.0197261853293,570.7,0.104237387995
571.5,0.37537236252,571.5,0.0453183625374,571.5,0.0191565151785,571.5,0.106831421717
572.3,0.376008155099,572.3,0.0582190178276,572.3,0.0197736578419,572.3,0.110205361003
573.1,0.377548468588,573.1,0.0782066410654,573.1,0.020635792579,573.1,0.113413146495
573.9,0.379467714453,573.9,0.121117553809,573.9,0.0211198426625,573.9,0.116502250706
574.7,0.378582691183,574.7,0.183578664496,574.7,0.0216233903851,574.7,0.120065232319
575.5,0.377791765215,575.5,0.242355569119,575.5,0.0215742224257,575.5,0.122345608369
576.4,0.376091231996,576.4,0.277737850004,576.4,0.0223854937565,576.4,0.122830506176
577.2,0.374997668761,577.2,0.294934767681,577.2,0.021901443673,577.2,0.123340835686
578,0.373776099285,578,0.303285691276,578,0.0225414748692,578,0.125683095547
578.8,0.373014843637,578.8,0.29980324339,578.8,0.0232739079203,578.8,0.127856658444
579.6,0.371204106372,579.6,0.287592634979,579.6,0.0242513330451,579.6,0.129302026907
580.4,0.369131422565,580.4,0.289329620305,580.4,0.0252541898731,580.4,0.131514585082
581.2,0.367811517171,581.2,0.312278341514,581.2,0.0268140010003,581.2,0.134463814925
582.1,0.365987216331,582.1,0.33869255614,582.1,0.0299929638955,582.1,0.135602307503
582.9,0.365626933869,582.9,0.355529191357,582.9,0.0379556301552,582.9,0.136204191145
583.7,0.363150733705,583.7,0.358597102481,583.7,0.0713483041293,583.7,0.137903028916
584.5,0.361651110942,584.5,0.360629095564,584.5,0.188307859244,584.5,0.139933326552
585.3,0.358996041132,585.3,0.36638937633,585.3,0.41903359528,585.3,0.142106889448
586.1,0.357286182956,586.1,0.373142341243,586.1,0.660846706171,586.1,0.143241991133
586.9,0.355516136416,586.9,0.359784763019,586.9,0.723779998813,586.9,0.144533921653
587.7,0.353318837263,587.7,0.324621194781,587.7,0.549890728449,587.7,0.146402304112
588.5,0.350551867959,588.5,0.276362842586,588.5,0.290868831752,588.5,0.148113010012
589.2,0.347224553462,589.2,0.238314471487,589.2,0.11287064588,589.2,0.148140137162
590,0.344751744191,590,0.217379941168,590,0.0490311368819,590,0.14799432873
590.7,0.34222468062,590.7,0.214788450616,590.7,0.0321682222392,590.7,0.148566542051
591.5,0.339505183829,591.5,0.216996770174,591.5,0.0271997151649,591.5,0.149883904275
592.2,0.33594559311,592.2,0.209010367658,592.2,0.0250787111213,592.2,0.150016149132
593,0.333425311326,593,0.181768774955,593,0.0234968591847,593,0.149850843061
593.7,0.331513694972,593.7,0.146688283614,593.7,0.0224990886973,593.7,0.151300450141
594.5,0.329335045735,594.5,0.116505938303,594.5,0.0221905173656,594.5,0.152381297525
595.2,0.326227291608,595.2,0.0984112815035,595.2,0.0212664988174,595.2,0.152978094826
596,0.324080008138,596,0.0906563074862,596,0.0213800937582,596,0.154129303256
596.7,0.322129396506,596.7,0.0929477039411,596.7,0.0208595915668,596.7,0.15458622619
597.5,0.320184718937,597.5,0.101420699711,597.5,0.0214190890364,597.5,0.155917151988
598.2,0.316842993142,598.2,0.107734543882,598.2,0.0202958554801,598.2,0.155569585378
599,0.313652162119,599,0.105977213194,599,0.0203797801005,599,0.157391343048
599.7,0.31076312064,599.7,0.0948364317625,599.7,0.0202856827988,599.7,0.159047794647
600.5,0.307495994507,600.5,0.0817068911438,600.5,0.0204721819554,600.5,0.161440070192
601.2,0.304962149148,601.2,0.0717079931843,601.2,0.0200279748735,601.2,0.16204873562
602,0.30141018794,602,0.0674108830735,602,0.0194074413163,602,0.163194009986
602.7,0.300129277824,602.7,0.0678076176428,602.7,0.0193769232726,602.7,0.164418122632
603.4,0.298224443258,603.4,0.070965387452,603.4,0.0189530615532,603.4,0.167046065292
604.2,0.297814992837,604.2,0.0788831243695,604.2,0.0193837050601,604.2,0.169199282826
604.9,0.295866076651,604.9,0.0930952078194,604.9,0.0193760755491,604.9,0.171636487712
605.7,0.293566202962,605.7,0.119319532396,605.7,0.0194413502539,605.7,0.174972279444
606.4,0.292319201784,606.4,0.164722752049,606.4,0.0190081635767,606.4,0.17845981367
607.2,0.291518103134,607.2,0.247803039936,607.2,0.0186232971355,607.2,0.183102794944
607.9,0.29103150988,607.9,0.40495062011,607.9,0.0188911777422,607.9,0.186624238109
608.7,0.290495748667,608.7,0.661427651043,608.7,0.018879309614,608.7,0.19006599527
609.4,0.288888465027,609.4,0.872791383739,609.4,0.0187894509295,609.4,0.193772242144
610.2,0.288166204657,610.2,0.996473385723,610.2,0.0181960445224,610.2,0.19794982325
610.9,0.286366487797,610.9,0.996628519112,610.9,0.017656044692,610.9,0.202459711944
611.7,0.286003662165,611.7,0.992692539186,611.7,0.0178001576766,611.7,0.205079177369
612.4,0.285299203988,612.4,0.941681628985,612.4,0.0181299220942,612.4,0.207652865729
613.2,0.284519298424,613.2,0.825503674881,613.2,0.0186817900528,613.2,0.210194340598
613.9,0.283421496571,613.9,0.664687995388,613.9,0.0181723082662,613.9,0.213958232666
614.7,0.282545798259,614.7,0.515568356179,614.7,0.0174720887058,614.7,0.217683977179
615.4,0.281573459475,615.4,0.405843272891,615.4,0.0170287293473,615.4,0.221798826751
616.2,0.280251858634,616.2,0.32978806914,616.2,0.0170143180489,616.2,0.225552546137
616.9,0.277655281741,616.9,0.279278163492,616.9,0.0176467197342,616.9,0.228172011563
617.7,0.27534523537,617.7,0.25338529878,617.7,0.0173330620618,617.7,0.231092418809
618.4,0.274800149199,618.4,0.244871612285,618.4,0.0178027008469,618.4,0.234312920153
619.1,0.274006680061,619.1,0.246433966583,619.1,0.0177357306952,619.1,0.239740045608
619.9,0.273640463535,619.9,0.248515127625,619.9,0.0180053067487,619.9,0.242700295855
620.6,0.271842442122,620.6,0.243427939269,620.6,0.0176755423311,620.6,0.245163780168
621.4,0.2706191772,621.4,0.235662792571,621.4,0.0172957622305,621.4,0.246466731094
622.1,0.268710951739,622.1,0.226423454812,622.1,0.0169286979816,622.1,0.249156557565
622.9,0.266418707561,622.9,0.218148826327,622.9,0.0171185880318,622.9,0.252995897019
623.6,0.265622695252,623.6,0.208904402228,623.6,0.0172872849961,623.6,0.256090935293
624.4,0.264571518188,624.4,0.198418911014,624.4,0.0178408484016,624.4,0.258791782169
625.1,0.26346015276,625.1,0.186465162805,625.1,0.0177950713359,625.1,0.262139442028
625.9,0.261401880251,625.9,0.174254554394,625.9,0.018519874876,625.9,0.265067478786
626.6,0.260210828819,626.6,0.164234463349,626.6,0.0178849300204,626.6,0.269865593449
627.4,0.25994973,627.4,0.160452769089,627.4,0.0172364215898,627.4,0.27341331604
628.1,0.259122351924,628.1,0.169555623373,628.1,0.016148792418,628.1,0.277740096471
628.9,0.25826106491,628.9,0.190841958919,628.9,0.0162615396353,628.9,0.282370361893
629.6,0.257022540966,629.6,0.204010494816,629.6,0.0162962962963,629.6,0.287237989878
630.4,0.256516450073,630.4,0.191369242898,630.4,0.0163581801073,630.4,0.292741410442
631.1,0.254597204208,631.1,0.153897323737,631.1,0.0162200011868,631.1,0.296521409255
631.9,0.253750328493,631.9,0.112659817061,631.9,0.0168854640862,631.9,0.299889414477
632.6,0.25134364165,632.6,0.0822273933352,632.6,0.0174475047261,632.6,0.303218424421
633.4,0.250511177234,633.4,0.0615480277714,633.4,0.0175407543043,633.4,0.30817082475
634.1,0.248239278418,634.1,0.0494866186855,634.1,0.0167583055704,634.1,0.312619677356
634.8,0.247683171842,634.8,0.0423038579894,634.8,0.0168049303595,634.8,0.317534777854
635.6,0.246863423277,635.6,0.038069479413,635.6,0.016902418555,635.6,0.319439612421
636.3,0.246208980782,636.3,0.0362188991463,636.3,0.0174797182167,636.3,0.321636911574
637.1,0.244111712995,637.1,0.0342377694701,637.1,0.0171355425006,637.1,0.321862406009
637.8,0.241791493943,637.8,0.033464645694,637.8,0.0172728736977,637.8,0.323729093021
638.6,0.24053347236,638.6,0.0321320244483,638.6,0.0168269711689,638.6,0.325098166374
639.3,0.239634037792,639.3,0.0320514907217,639.3,0.016645558353,639.3,0.328957003467
640.1,0.238890584336,640.1,0.0322176445157,640.1,0.0161564219289,640.1,0.332537787272
640.8,0.237063740325,640.8,0.0324329662691,640.8,0.015996202199,640.8,0.336006671583
641.6,0.234645185355,641.6,0.0322167967922,641.6,0.0158758254707,641.6,0.335672668549
642.3,0.232670837466,642.3,0.0318370166917,642.3,0.016736264761,642.3,0.335810847469
643.1,0.230946567992,643.1,0.0318293871807,643.1,0.0170516178802,643.1,0.335097912057
643.8,0.229977620101,643.8,0.0317954782432,643.8,0.0173211939337,643.8,0.336108398396
644.6,0.228911184015,644.6,0.032019277231,644.6,0.0171524969694,644.6,0.336871349491
645.3,0.226634198859,645.3,0.0322151013453,645.3,0.0167956054017,645.3,0.335802370235
646.1,0.224800573061,646.1,0.0329814433339,646.1,0.016811712147,646.1,0.334767299916
646.8,0.223065283182,646.8,0.0334417571611,646.8,0.0163539414901,646.8,0.33329904292
647.6,0.222548171884,647.6,0.0351982401261,647.6,0.0166896399719,647.6,0.334458728584
648.3,0.221172316743,648.3,0.0384874070683,648.3,0.0166684468859,648.3,0.334806295194
649.1,0.219153039512,649.1,0.0423097920534,649.1,0.0172703305274,649.1,0.335001271585
649.8,0.21701762417,649.8,0.043692428982,649.8,0.0174059662776,649.8,0.335531098734
650.5,0.21578249112,650.5,0.0417596195417,650.5,0.0177001263108,650.5,0.335998194349
651.3,0.214532099048,651.3,0.0393249578258,651.3,0.0170075362614,651.3,0.336711129761
652,0.213282554699,652,0.037066622585,652,0.0175356679637,652,0.335984630774
652.8,0.211915176793,652.8,0.0359527139866,652.8,0.0171211312022,652.8,0.336151632291
653.5,0.210667327891,653.5,0.0341012859965,653.5,0.0173635801056,653.5,0.336077032629
654.3,0.20886252469,654.3,0.0328280053915,654.3,0.0170482269864,654.3,0.335565855395
655,0.207952069717,655,0.0315589634038,655,0.0169795613879,655,0.334863940388
655.8,0.206376999568,655.8,0.0301127472173,655.8,0.0169982113035,655.8,0.334037410035
656.5,0.205870060951,656.5,0.0297431397981,656.5,0.0167786509329,656.5,0.336477158092
657.3,0.204505226215,657.3,0.0291819468816,657.3,0.0174941295152,657.3,0.338946576469
658,0.203841458762,658,0.0289361070844,658,0.0182341920772,658,0.341604189449
658.8,0.202763154548,658.8,0.0280782109645,658.8,0.0193472529522,658.8,0.342614675788
659.5,0.201993421666,659.5,0.0278433915719,659.5,0.0195888541322,659.5,0.341998380848
660.3,0.20148902622,660.3,0.0288360757187,660.3,0.0196431084323,660.3,0.341136246111
661,0.200854929088,661,0.0305671269805,661,0.0196414129854,661,0.341662682367
661.8,0.200171663996,661.8,0.0311351016844,661.8,0.0199983045531,661.8,0.342948678823
662.5,0.199563846291,662.5,0.031120690386,662.5,0.0207341284979,662.5,0.345457940202
663.3,0.198091350678,663.3,0.0293811618897,663.3,0.0211452743657,663.3,0.345148521146
664,0.197420801438,664,0.0289810364267,664,0.0227779897086,664,0.345722429914
664.8,0.196406924205,664.8,0.0280892313692,664.8,0.0293707348914,664.8,0.346483685562
665.5,0.195760958945,665.5,0.0281578969677,665.5,0.0536037571103,665.5,0.349232004951
666.2,0.19413756856,666.2,0.0278535642532,666.2,0.103277807448,666.2,0.354223400558
667,0.191274806507,667,0.0277348829718,667,0.122136263066,667,0.355332222816
667.8,0.185356849182,667.8,0.0271287607131,667.8,0.110614006087,667.8,0.357200605275
668.5,0.180782533506,668.5,0.0263742868527,668.5,0.066573077999,668.5,0.356462238159
669.2,0.176905046498,669.2,0.0257715554877,669.2,0.0459233827556,669.2,0.357708391614
670,0.173732017667,670,0.0255570814577,670,0.0357413765333,670,0.358722268847
670.7,0.168170104185,670.7,0.0257096716767,670.7,0.0298658053797,670.7,0.361056899197
671.5,0.163917075693,671.5,0.0255714927562,671.5,0.0251804379339,671.5,0.364275705094
672.2,0.160021786492,672.2,0.0253756686419,672.2,0.022137110789,672.2,0.36561086951
672.9,0.157334503192,672.9,0.0253595618965,672.9,0.0206849605385,672.9,0.366985876928
673.7,0.154671803871,673.7,0.0256045539703,673.7,0.019868602867,673.7,0.370381857023
674.4,0.152837330349,674.4,0.0253654959606,674.4,0.018921695786,674.4,0.375089265278
675.2,0.150329764418,675.2,0.0249221366022,675.2,0.0179451183846,675.2,0.380940252452
675.9,0.146108949416,675.9,0.0250331883726,675.9,0.0176034858388,675.9,0.385698524113
676.7,0.1447195307,676.7,0.0252307079338,676.7,0.0177772691437,676.7,0.391985241135
677.4,0.142723989726,677.4,0.0257096716767,677.4,0.0175187134949,677.4,0.397198740283
678.1,0.141010740656,678.1,0.025484177242,678.1,0.0172338784195,678.1,0.402224892551
678.9,0.137761416715,678.9,0.0258063121487,678.9,0.0175288861762,678.9,0.407622347685
679.6,0.13525300306,679.6,0.0258317438519,679.6,0.0175899222638,679.6,0.413394496579
680.4,0.132098624145,680.4,0.0262742554869,680.4,0.0178484779126,680.4,0.417803506184
681.1,0.130766002899,681.1,0.0265209430076,681.1,0.0175983994981,681.1,0.424238574807
681.9,0.129228232581,681.9,0.0260335020303,681.9,0.0179603774065,681.9,0.430216720497
682.6,0.12916126243,682.6,0.0256130312047,682.6,0.0178416961251,682.6,0.437300297551
683.3,0.127036019769,683.3,0.0254680704967,683.3,0.0177204716733,683.3,0.444609369039
684.1,0.125344811509,684.1,0.0257011944423,684.1,0.0170973949459,684.1,0.452811941032
684.8,0.123463713198,684.8,0.0259529683036,684.8,0.0169719318769,684.8,0.463082110492
685.6,0.122043776438,685.6,0.0267074421641,685.6,0.017074506413,685.6,0.471483897493
686.3,0.120727261938,686.3,0.0280816018582,686.3,0.0174831091105,686.3,0.479401634411
687.1,0.119435331417,687.1,0.0286266880293,687.1,0.0176738468842,687.1,0.485290769139
687.8,0.118346854522,687.8,0.028436797979,687.8,0.0176823241186,687.8,0.490516984139
688.5,0.117195646092,688.5,0.0281053381145,688.5,0.0177204716733,688.5,0.495319337419
689.3,0.115616337326,689.3,0.027302544018,689.3,0.0171372379475,689.3,0.500747310597
690,0.114593982859,690,0.0268939413206,690,0.017468697812,690,0.505821783101
690.8,0.112550121648,690.8,0.0258520892144,690.8,0.0174169866823,690.8,0.511810101472
691.5,0.110682586913,691.5,0.0265302679654,691.5,0.0179680069174,691.5,0.51744491917
692.3,0.108258097878,692.3,0.0272092944398,692.3,0.0176017903919,692.3,0.525129532141
693,0.107050091978,693,0.0272440511008,693,0.0178730618923,693,0.529121461814
693.7,0.104476403618,693.7,0.0268634232768,693.7,0.0183800005086,693.7,0.529441053551
694.5,0.101761993167,694.5,0.0267905190611,694.5,0.0187682578436,694.5,0.527518416792
695.2,0.0992103456168,695.2,0.0278137212516,695.2,0.0192378966286,695.2,0.527314115443
696,0.0974716648441,696,0.0275695769012,696,0.0190861541331,696,0.527206454566
696.7,0.095494773785,696.7,0.0267345693141,696.7,0.0193514915694,696.7,0.526617286776
697.5,0.0929202377017,697.5,0.0252849622339,697.5,0.018970016022,697.5,0.526385858278
698.2,0.0913366903182,698.2,0.0249484160288,698.2,0.0195642701525,698.2,0.526834303977
698.9,0.088870662835,698.9,0.0244669091156,698.9,0.0201966718378,698.9,0.527924476319
699.7,0.0860350279325,699.7,0.0245915244611,699.7,0.0211122131516,699.7,0.526286674635
700.4,0.0831154684096,700.4,0.0245881335673,700.4,0.0216284767258,700.4,0.525919610386
701.2,0.0810173528988,701.2,0.0246974898909,701.2,0.0226618515975,701.2,0.522054839229
701.9,0.0790082483491,701.9,0.0252875054042,701.9,0.0242852419827,701.9,0.520344981053
702.7,0.077017793715,702.7,0.026626060714,702.7,0.0265181455202,702.7,0.516861685444
703.4,0.0753172604969,703.4,0.0286962013513,703.4,0.031064486322,703.4,0.513763256275
704.1,0.0737243881556,704.1,0.0321879741953,704.1,0.046720242788,704.1,0.509557700296
704.9,0.0716618770292,704.9,0.0367826352331,704.9,0.0702225274027,704.9,0.505354687487
705.6,0.0693857395963,705.6,0.0414900434882,705.6,0.0842320049507,705.6,0.500345489687
706.4,0.0678149080644,706.4,0.0450097912057,706.4,0.0791761823623,706.4,0.495584674856
707.1,0.0655786136331,707.1,0.046685740444,707.1,0.0613909446182,707.1,0.492469291218
707.9,0.0636992107695,707.9,0.046540779736,707.9,0.049209158804,707.9,0.489201317362
708.7,0.0609068097624,708.7,0.0448928053712,708.7,0.041166806541,708.7,0.485155133389
709.5,0.0589672185346,709.5,0.0424717072302,709.5,0.0355930249315,709.5,0.479243957851
710.2,0.0568351940863,710.2,0.0410602477048,710.2,0.029348694082,710.2,0.473196298839
711,0.0549439230945,711,0.0398869984656,711,0.0258653984724,711,0.46633567305
711.8,0.052046404381,711.8,0.036935225452,711.8,0.0233179895391,711.8,0.460299034443
712.6,0.0495524020244,712.6,0.0336163881895,712.6,0.0223202190517,712.6,0.452795834287
713.3,0.0471753855022,713.3,0.0302390580097,713.3,0.0212266558158,713.3,0.444364376966
714.1,0.0454316183888,714.1,0.0291463424972,714.1,0.020608665429,714.1,0.435797283894
714.9,0.0436700490832,714.9,0.0269261548113,714.9,0.0199745682968,714.9,0.429051948492
715.6,0.0422730008562,715.6,0.0254824817951,715.6,0.0195871586854,715.6,0.421492798589
716.4,0.0402486372846,716.4,0.023526783822,716.4,0.0190836109628,716.4,0.410092613786
717.2,0.0388626094623,717.2,0.0227367055772,717.2,0.0184240821274,717.2,0.396498520723
718,0.0374248705102,718,0.0218813526275,718,0.0184486661072,718,0.383819968973
718.7,0.0371544467333,718.7,0.0215244610598,718.7,0.0182494510991,718.7,0.371388104745
719.5,0.0359973042395,719.5,0.0217940371133,719.5,0.0180281952816,719.5,0.357117528378
720.3,0.0344459703466,720.3,0.0217313055789,720.3,0.0179035799361,720.3,0.341087078152
721.1,0.0326292990175,721.1,0.0215693904021,721.1,0.0181595924146,721.1,0.325594932309
721.8,0.0316993464052,721.8,0.0207818553275,721.8,0.0180926222629,721.8,0.311714308724
722.6,0.0308253435399,722.6,0.0205292337428,722.6,0.0175195612183,722.6,0.299814814815
723.4,0.0299301475887,723.4,0.0204461568458,723.4,0.0175093885371,723.4,0.287268507922
724.2,0.0289484838466,724.2,0.0208089824776,724.2,0.0182265625662,724.2,0.27716788315
724.9,0.0287891118402,724.9,0.0201384332375,724.9,0.0189895136611,724.9,0.264702957707
725.7,0.0278964590592,725.7,0.0198519027153,725.7,0.0185885404746,725.7,0.254793918432
726.5,0.0266443715402,726.5,0.0197094851776,726.5,0.0182062172037,726.5,0.243691284555
727.3,0.0253719386587,727.3,0.0199332841654,727.3,0.0184156048931,727.3,0.234808838365
728,0.0249463814925,728,0.0198849639294,728,0.0190429202377,728,0.225782279189
728.8,0.0243877317464,728.8,0.019820536948,728.8,0.0196380220917,728.8,0.217963725914
729.6,0.0240783126913,729.6,0.0200087315514,729.6,0.0193582733569,729.6,0.212266176683
730.4,0.023818909319,730.4,0.0203062824784,730.4,0.0188767664437,730.4,0.207894466909
731.1,0.0239604791333,731.1,0.0200180565092,731.1,0.0180621042191,731.1,0.202830167086
731.9,0.0237265074642,731.9,0.0201519968126,731.9,0.0181163585192,731.9,0.199176479065
732.7,0.0235349219671,732.7,0.0195068792757,732.7,0.0182748828022,732.7,0.197008002509
733.4,0.0231381873977,733.4,0.0198714003543,733.4,0.017905275383,733.4,0.197909980248
734.2,0.0224354246671,734.2,0.0195755448742,734.2,0.0174424183854,734.2,0.197632774684
735,0.0224549223061,735,0.0199434568466,735,0.0165658723498,735,0.196870671312
735.8,0.0224625518171,735.8,0.0196119969821,735.8,0.0162394988259,735.8,0.196639242813
736.5,0.0231161465883,736.5,0.0198307096293,736.5,0.0155952290125,736.5,0.19709192713
737.3,0.022844875088,737.3,0.0207114942821,737.3,0.0158834549816,737.3,0.199063731848
738.1,0.0227321278706,738.1,0.0212413214313,738.1,0.016044522435,738.1,0.198733119707
738.9,0.0223786271967,738.9,0.0212676008579,738.9,0.0159656841552,738.9,0.199134940617
739.6,0.022823682002,739.6,0.020831023287,739.6,0.0160284156897,739.6,0.199524893399
740.4,0.021925095157,740.4,0.0202655917533,740.4,0.0159504251333,740.4,0.201765426447
741.2,0.0215012334376,741.2,0.0207242101337,741.2,0.0162420419962,741.2,0.206246492544
742,0.0212621754279,742,0.0208327187338,742,0.0164073480668,742,0.211955062181
742.7,0.0222514686809,742.7,0.020885277587,742.7,0.0170083839848,742.7,0.220649313768
743.5,0.0224735722218,743.5,0.0205224519553,743.5,0.0173983367666,743.5,0.228483126065
744.3,0.0221777167417,744.3,0.0202427032205,744.3,0.0171643650975,744.3,0.235882903961
745.1,0.0223938862186,745.1,0.0204063138442,745.1,0.0166955740359,745.1,0.245635962124
745.8,0.0225854717157,745.8,0.0204029229504,745.8,0.016293753126,745.8,0.256924247434
746.6,0.0227126302315,746.6,0.0204181819723,746.6,0.0160216339022,746.6,0.268224400871
747.4,0.0220870103337,747.4,0.0205216042318,747.4,0.015290896298,747.4,0.276168417216
748.1,0.0219513745836,748.1,0.0205377109772,748.1,0.0153765163653,748.1,0.283877614167
748.9,0.0215122538423,748.9,0.0213133779236,748.9,0.0159173639192,748.9,0.291198553784
749.7,0.0211596008918,749.7,0.0218135347524,749.7,0.0160326543069,749.7,0.296819807906
750.5,0.0204975288862,750.5,0.0227375533006,750.5,0.0159385570052,750.5,0.30321079491
751.2,0.0209807312462,751.2,0.0232673804498,751.2,0.0158936276629,751.2,0.31066567483
752,0.0209069793071,752,0.0235818858456,752,0.0167625441876,752,0.317142281902
752.8,0.0216733212957,752.8,0.0233919957953,752.8,0.0165862177123,752.8,0.323732483914
753.6,0.0215258174173,753.6,0.0225018861847,753.6,0.0159377092817,753.6,0.330037850852
754.3,0.0212825207904,754.3,0.0223450573485,754.3,0.0153383688106,754.3,0.33836503819
755.1,0.02055517408,755.1,0.021978840823,755.1,0.0153468460449,755.1,0.34697621288
755.9,0.0202415164077,755.9,0.0226171765723,755.9,0.0153824504294,755.9,0.353714766495
756.7,0.0205958648051,756.7,0.0223289506032,756.7,0.0152052762307,756.7,0.361526537982
757.4,0.0209256292227,757.4,0.0225730949535,757.4,0.0151840831447,757.4,0.370461543026
758.2,0.021509710672,758.2,0.0222178988327,758.2,0.0156460924188,758.2,0.379277019065
759,0.021190966659,759,0.0227061875334,759,0.0160911472241,759,0.38660728364
759.8,0.0219886744149,759.8,0.0238735027085,759.8,0.0161191220976,759.8,0.391462195773
760.5,0.0216148283784,760.5,0.0245906767376,760.5,0.0158368301925,760.5,0.3982482219
761.3,0.0215758331002,761.3,0.0255163907327,761.3,0.0160148521146,761.3,0.403059052415
762.1,0.0200931648059,762.1,0.0250815086086,762.1,0.015768164594,762.1,0.409379678374
762.9,0.0198558022431,762.9,0.0255426701593,762.9,0.0159139730254,762.9,0.414905139747
763.6,0.0201321600841,763.6,0.0260131566678,763.6,0.0158317438519,763.6,0.422300679026
764.4,0.0205856921238,764.4,0.0283969549774,764.4,0.0159360138348,764.4,0.427870222019
765.2,0.0203212024109,765.2,0.0288191212499,765.2,0.0154892635826,765.2,0.432770063494
765.9,0.0199592245026,765.9,0.0289310207438,765.9,0.0152324033807,765.9,0.437269779507
766.7,0.0195294287192,766.7,0.0269838000051,766.7,0.0158113984894,766.7,0.442816433967
767.5,0.0195006061223,767.5,0.0265150089435,767.5,0.0157579919127,767.5,0.450179759755
768.3,0.0193386909455,768.3,0.0260970812882,768.3,0.0158936276629,768.3,0.45753715148
769,0.0195082356332,769,0.0261047107991,769,0.0155850563312,769,0.463937463442
769.8,0.0193997270331,769.8,0.0259877249646,769.8,0.0163132507651,769.8,0.470219941846
770.6,0.0201185965091,770.6,0.0254044912388,770.6,0.0162132193993,770.6,0.476327789222
771.4,0.0200617990387,771.4,0.0252196875291,771.4,0.0161216652679,771.4,0.481361571001
772.1,0.0198905589041,772.1,0.024038808779,772.1,0.015657960547,772.1,0.487780532879
772.9,0.0199939811636,772.9,0.0241803785933,772.9,0.0160131566678,772.9,0.494043513644
773.7,0.0198185024118,773.7,0.0236937853395,773.7,0.0159360138348,773.7,0.499360435052
774.5,0.0200651899324,774.5,0.0237115875317,774.5,0.0161632037164,774.5,0.501685740444
775.2,0.0192183142172,775.2,0.0231164856777,775.2,0.015940252452,775.2,0.506232928969
776,0.0200533218043,776,0.0222967371125,776,0.0166150403092,776,0.509372048863
776.8,0.0197617049414,776.8,0.0222373964718,776.8,0.0165251816247,776.8,0.513171545315
777.6,0.0200185651433,777.6,0.0214897043988,777.6,0.01651416122,777.6,0.512495062011
778.3,0.0192793503048,778.3,0.0211785898968,778.3,0.016224239804,778.3,0.514016725583
779.1,0.0191343895967,779.1,0.0205317769131,779.1,0.0166074107983,779.1,0.51508824801
779.9,0.0192437459203,779.9,0.0204520909099,779.9,0.0168049303595,779.9,0.516835406017
780.6,0.0192166187703,780.6,0.0203588413316,780.6,0.016425150259,780.6,0.516202156608
781.4,0.0191869484499,781.4,0.020297805244,781.4,0.016154726482,781.4,0.513545391352
782.2,0.0188724430542,782.2,0.0199807566779,782.2,0.0160877563304,782.2,0.512626459144
783,0.0187563049431,783,0.0198714003543,783,0.0162157625696,783,0.512642565889
783.7,0.0188639658198,783.7,0.0195840221086,783.7,0.0158342870222,783.7,0.510382535202
784.5,0.0186901825149,784.5,0.0193551367802,784.5,0.015462984156,784.5,0.505054593389
785.3,0.018460449463,785.3,0.0191762671346,785.3,0.01541466392,785.3,0.501078770462
786.1,0.0184689266974,786.1,0.0191601603893,786.1,0.0156257470563,786.1,0.499685960852
786.8,0.0185520035943,786.8,0.0194212592084,786.8,0.0158080075956,786.8,0.497211456135
787.6,0.0181120351297,787.6,0.0200519654468,787.6,0.0162657782525,787.6,0.490191458339
788.4,0.0179128201216,788.4,0.0204707408255,788.4,0.0159868772412,788.4,0.483540220239
789.2,0.0175805125336,789.2,0.0211387468952,789.2,0.015969075049,789.2,0.479371116367
789.9,0.0179899629545,789.9,0.0211946966422,789.9,0.015540126989,789.9,0.474844273204
790.7,0.018066258064,790.7,0.021944084162,790.7,0.015725778422,790.7,0.466797682324
791.5,0.018120512364,791.5,0.0220865016997,791.5,0.0157028898892,791.5,0.459748014208
792.3,0.0180993192781,792.3,0.0223874435204,792.3,0.0162394988259,792.3,0.455943431415
793,0.018369743055,793,0.0228918389665,793,0.0160758882022,793,0.453891940693
793.8,0.0183358341175,793.8,0.0231724354247,793.8,0.0161801581852,793.8,0.449246416249
794.6,0.0184977492943,794.6,0.0238709595382,794.6,0.0157045853361,794.6,0.444967956054
795.4,0.0174618312522,795.4,0.023679374041,795.4,0.0161513355883,795.4,0.441407517611
796.1,0.0170922238329,796.1,0.0237641463849,796.1,0.015401100345,796.1,0.439876529081
796.9,0.0171023965142,796.9,0.0236505514441,796.9,0.014709358019,796.9,0.436010910201
797.7,0.0181306850453,797.7,0.02428803947,797.7,0.0143609436857,797.7,0.429641116282
798.4,0.0185486127006,798.4,0.0243261870247,798.4,0.0154299229419,798.4,0.423399328603
799.2,0.0183451590753,799.2,0.0244635182218,799.2,0.0161165789273,799.2,0.419103913939
800,0.0179874197842,800,0.0239294524554,800,0.0160843654366,800,0.417153302307
800.8,0.0180603239999,800.8,0.0241922467214,800.8,0.0158665005129,800.8,0.412187338403
801.5,0.0183129455846,801.5,0.0242456532981,801.5,0.015698651272,801.5,0.407676601985
802.3,0.0182332595814,802.3,0.0253536278325,802.3,0.0159800954537,802.3,0.404946084789
803.1,0.0180018310826,803.1,0.0269965158567,803.1,0.0159521205802,803.1,0.405906555445
803.9,0.0179840288904,803.9,0.0280714291769,803.9,0.0156876308673,803.9,0.405403007723
804.6,0.0181001670015,804.6,0.0288191212499,804.6,0.0156740672923,804.6,0.40355327518
805.4,0.0181679848766,805.4,0.0291827946051,805.4,0.0153621050668,805.4,0.401434814306
806.2,0.0187791934759,806.2,0.0298736892076,806.2,0.0159207548129,806.2,0.401773055958
807,0.0186486440664,807,0.0296049608776,807,0.0156443969719,807,0.399980968609
807.7,0.0182578435611,807.7,0.0282748828022,807.7,0.0157486669549,807.7,0.398108347533
808.5,0.0176813916228,808.5,0.0268608801065,808.5,0.0155248679671,808.5,0.394420750574
809.3,0.0180111560405,809.3,0.0264310843231,809.3,0.0155435178827,809.3,0.395756762714
810.1,0.018128141875,810.1,0.0263480074261,810.1,0.0155740359265,810.1,0.394739494587
810.8,0.0177169960072,810.8,0.0263454642557,810.8,0.0153892322169,810.8,0.393749353611
811.6,0.0175440604257,811.6,0.0270482269864,811.6,0.0154350092826,811.6,0.3918682553
812.4,0.0172320982003,812.4,0.0283621983164,812.4,0.0154502683045,812.4,0.39382310555
813.1,0.0171346100048,813.1,0.029895730017,813.1,0.0158071598722,813.1,0.396908818867
813.9,0.0162996024177,813.9,0.030104269983,813.9,0.0155681018624,813.9,0.395748285479
814.7,0.0164106541882,814.7,0.0299686342328,814.7,0.0156621991641,814.7,0.393006747879
815.5,0.0170837465985,815.5,0.0286690742012,815.5,0.0152875054042,815.5,0.389699778744
816.2,0.0174838720616,816.2,0.0275483838153,816.2,0.0156918694845,816.2,0.390605147377
817,0.0178661953324,817,0.0266574264812,817,0.0154714613904,817,0.389597204208
817.8,0.0166887074761,817.8,0.0263327484042,817.8,0.0155045226045,817.8,0.386952307079
818.6,0.0171108737485,818.6,0.026119969821,818.6,0.0154680704967,818.6,0.383436797979
819.3,0.0171261327704,819.3,0.025725778422,819.3,0.0154655273264,819.3,0.382375448234
820.1,0.0173228046082,820.1,0.0251756059103,820.1,0.0150153861804,820.1,0.382619592584
820.9,0.0171396963455,820.9,0.0244914930953,820.9,0.0141151038885,820.9,0.380206123954
821.7,0.016599696515,821.7,0.0237014148504,821.7,0.0140108339055,821.7,0.376982231717
822.4,0.0170345786391,822.4,0.0233436755593,822.4,0.0143694209201,822.4,0.373194603393
823.2,0.0168582521638,823.2,0.0232843349186,823.2,0.0152595305308,823.2,0.37100239058
824,0.0171888643049,824,0.0226943194052,824,0.0155240202436,824,0.365744809813
824.8,0.0170812034282,824.8,0.0224035502658,824.8,0.0151628900587,824.8,0.360420258895
825.5,0.0170574671719,825.5,0.0218152301993,825.5,0.0150391224367,825.5,0.354187796173
826.3,0.0171583462611,826.3,0.0218788094572,826.3,0.0150340360961,826.3,0.35198541068
827.1,0.0169116587405,827.1,0.0218915253088,827.1,0.0156028585234,827.1,0.347150843909
827.8,0.0168014546934,827.8,0.0218347278384,827.8,0.0150323406492,827.8,0.342746072921
828.6,0.0167056619448,828.6,0.0217338487492,828.6,0.0143405983232,828.6,0.337441019642
829.4,0.0168709680154,829.4,0.0219008502666,829.4,0.0145067521172,829.4,0.3342603613
830.2,0.017152412197,830.2,0.0221475377873,830.2,0.0149272229428,830.2,0.332477598908
830.9,0.0172287073065,830.9,0.0221941625764,830.9,0.0157384942736,830.9,0.327459076151
831.7,0.0170871374923,831.7,0.0219050888838,831.7,0.0150102998398,831.7,0.323033112078
832.6,0.0166446258573,832.6,0.0213430482439,832.6,0.0147051194018,832.6,0.31712702288
833.4,0.0166030874088,833.4,0.0210022634216,833.4,0.0148399074286,833.4,0.31275616083
834.3,0.0166488644745,834.3,0.0211039902342,834.3,0.0153103939371,834.3,0.308112331833
835.1,0.0164538880836,835.1,0.0207377737087,835.1,0.0155621677984,835.1,0.301404296262
836,0.0166810779651,836,0.0205792494257,836,0.0151781490806,836,0.295171833541
836.8,0.0168794452498,836.8,0.020380882141,836.8,0.015151869654,836.8,0.288183201512
837.7,0.0174652221459,837.7,0.020782703051,837.7,0.0151662809525,837.7,0.281702355823
838.5,0.0167505912871,838.5,0.0210539745513,838.5,0.0153985571747,838.5,0.276436297822
839.4,0.01680060697,839.4,0.0208301755635,839.4,0.015408729856,839.4,0.270266566635
840.2,0.0173202614379,840.2,0.0206987784305,840.2,0.0153612573434,840.2,0.266322957198
841.1,0.0172159914549,841.1,0.0209802226122,841.1,0.0154604409857,841.1,0.259757339166
841.9,0.016932004103,841.9,0.0215931266584,841.9,0.0154850249655,841.9,0.254125064639
842.8,0.0158859133796,842.8,0.0216795944491,842.8,0.0155842086078,842.8,0.246774454702
843.6,0.0162690843739,843.6,0.0213888253096,843.6,0.0150611632461,843.6,0.239286513568
844.5,0.0164488017429,844.5,0.020933597823,844.5,0.0151628900587,844.5,0.231682434323
845.3,0.0159088019125,845.3,0.0205995947882,845.3,0.0149763909022,845.3,0.224124979867
846.2,0.0160461331095,846.2,0.0205826403194,846.2,0.0152764849995,846.2,0.216679424904
847,0.0158002933123,847,0.0211319651077,847,0.0148119325551,847,0.210066334359
847.9,0.0165098378305,847.9,0.0215761721896,847.9,0.0149780863491,847.9,0.202759806041
848.7,0.0162741707145,848.7,0.0214125615659,848.7,0.0145932199079,848.7,0.195778803523
849.6,0.0162546730755,849.6,0.0207157328993,849.6,0.0152764849995,849.6,0.188230674025
850.4,0.0162445003942,850.4,0.020442765952,850.4,0.0149263752193,850.4,0.181524333901
851.3,0.0161893983707,851.3,0.020359689055,851.3,0.015395166281,851.3,0.17531645516
852.1,0.0161800734128,852.1,0.0197883234574,852.1,0.0147203784237,852.1,0.169050083501
853,0.0163835270381,853,0.0200095792749,853,0.01557488365,853,0.161745250629
853.8,0.016447106296,853.8,0.0199443045701,853.8,0.0155723404796,853.8,0.15383683867
854.7,0.0168218000559,854.7,0.0201248696625,854.7,0.0157520578486,854.7,0.146721895849
855.5,0.0165835897697,855.5,0.0198196892246,855.5,0.0153434551512,855.5,0.140821740715
856.4,0.0164920356383,856.4,0.0199875384655,856.4,0.0150738790977,856.4,0.134460424031
857.2,0.0161580326034,857.2,0.0199799089545,857.2,0.0150637064164,857.2,0.12830934276
858.1,0.0164920356383,858.1,0.0198001915855,858.1,0.0158665005129,858.1,0.122217602129
858.9,0.0165818943228,858.9,0.0195195951273,858.9,0.0161954172071,858.9,0.116704008884
859.8,0.0169023337826,859.8,0.0188329391419,859.8,0.0159631409849,859.8,0.1099629121
860.6,0.0164733857226,860.6,0.0187100192433,860.6,0.0152442715089,860.6,0.104176351907
861.5,0.0168607953341,861.5,0.0184167069335,861.5,0.0148594050677,861.5,0.0990603409544
862.3,0.0163148614396,862.3,0.0184277273382,862.3,0.0152052762307,862.3,0.0950845180268
863.2,0.0163657248459,863.2,0.0181106787722,863.2,0.015049295118,863.2,0.0897828556412
864,0.0162682366505,864,0.0182200350958,864,0.0151315242915,864,0.0847940032044
864.9,0.0169684562108,864.9,0.0185540381306,864.9,0.0156698286751,864.9,0.0797670032129
865.7,0.0167455049465,865.7,0.0186125310479,865.7,0.0156401583547,865.7,0.0753223892237
866.6,0.0168557089935,866.6,0.0183378686537,866.6,0.0155901426719,866.6,0.0714449022151
867.4,0.0165691784712,867.4,0.0190075701703,867.4,0.0152875054042,867.4,0.0675377448861
868.3,0.0171769961768,868.3,0.0187591872028,868.3,0.0149806295194,868.3,0.0635907445555
869.1,0.0169896492968,869.1,0.0186811966464,869.1,0.0152959826386,869.1,0.060326161593
870,0.0173634953333,870,0.0181751057535,870,0.0156613514407,870,0.057705848444
870.8,0.0173287386723,870.8,0.0184302705085,870.8,0.0161708332274,870.8,0.055686571213
871.7,0.0171905597518,871.7,0.018444681807,871.7,0.016009765774,871.7,0.0530153946576
872.5,0.0167624594152,872.5,0.0183531276756,872.5,0.0152307079338,872.5,0.0495431194527
873.4,0.0167488958402,873.4,0.0184370522961,873.4,0.0152357942745,873.4,0.0472771547011
874.2,0.0168082364809,874.2,0.0179903020439,874.2,0.0148534710036,874.2,0.0451002009105
875.1,0.0164521926367,875.1,0.0175274450463,875.1,0.0146406924205,875.1,0.0432369047922
875.9,0.015666353009,875.9,0.0169603180658,875.9,0.0142643032137,875.9,0.0411930435815
876.8,0.0152348617787,876.8,0.0173892661258,876.8,0.0145482905657,876.8,0.0396976594356
877.6,0.0156282054543,877.6,0.0178343209311,877.6,0.0150348838195,877.6,0.0385566236871
878.5,0.0158782838687,878.5,0.0183302391428,878.5,0.0152222306995,878.5,0.0371002348194
879.3,0.0159588175953,879.3,0.0181640853488,879.3,0.0153612573434,879.3,0.0358718835567
880.2,0.0160783466002,880.2,0.0176147605605,880.2,0.0156842399736,880.2,0.0345655417377
881,0.0157884251842,881,0.0172392190772,881,0.0155138475624,881,0.0333838152641
881.9,0.015956274425,881.9,0.0169459067674,881.9,0.0154104253028,881.9,0.0318731720963
882.7,0.0157672320982,882.7,0.0175350745573,882.7,0.0145152293516,882.7,0.031573077999
883.6,0.0163682680162,883.6,0.0178283868671,883.6,0.0146593423362,883.6,0.0305753075117
884.4,0.0171676712189,884.4,0.0180886379628,884.4,0.0144881022015,884.4,0.0297530157761
885.3,0.0169158973576,885.3,0.0172468485881,885.3,0.0148254961301,885.3,0.0287416817138
886.1,0.0167378754355,886.1,0.017352814018,886.1,0.0151603468884,886.1,0.0286391071777
887,0.0162860388427,887,0.0173494231242,887,0.0156978035486,887,0.0285551825572
887.8,0.0165217059586,887.8,0.0173409458898,887.8,0.0160750404788,887.8,0.0280626552394
888.7,0.016495426532,888.7,0.0171849647771,888.7,0.016071649585,888.7,0.0272878360164
889.5,0.0163614862287,889.5,0.0170925629223,889.5,0.0161148834804,889.5,0.0267851360172
890.4,0.0163394454193,890.4,0.0174291091274,890.4,0.0163437688089,890.4,0.0263655129151
891.2,0.0165420513212,891.2,0.0169442113205,891.2,0.0163335961276,891.2,0.0260738960522
892.1,0.016296211524,892.1,0.0167373668015,892.1,0.0156376151844,892.1,0.0259891237083
892.9,0.0163343590787,892.9,0.0165898629231,892.9,0.015540126989,892.9,0.025633079864
893.8,0.0166734484542,893.8,0.0166415740529,893.8,0.0154638318795,893.8,0.025501682731
894.6,0.0165869806634,894.6,0.0166949806295,894.6,0.0152612259776,894.6,0.0246615888033
895.5,0.0166276713885,895.5,0.0166432694998,895.5,0.0151544128244,895.5,0.0244064240482
896.3,0.0160563057908,896.3,0.0170654357722,896.3,0.0148051507676,896.3,0.0243547129185
897.2,0.0162461958411,897.2,0.016570365284,897.2,0.0156935649314,897.2,0.0248904741317
898,0.0163301204615,898,0.0168823275095,898,0.0157435806143,898,0.0246641319736
898.9,0.0158426794842,898.9,0.0165695175606,898.9,0.0158317438519,898.9,0.0244793282639
899.7,0.0159028678484,899.7,0.0170866288582,899.7,0.0149407865178,899.7,0.0248955604724
